ts,side,qty,price
2026-09-20 15:14:40.186195135,buy,0.00021,80770.34536053006
2026-09-20 15:14:43.440359831,sell,0.00047,80761.21463946994
2026-09-20 15:28:31.714060545,buy,0.00042,80730.25536053006
2026-09-20 15:29:11.303008318,sell,9e-05,80685.68463946994
2026-09-20 15:29:11.303126812,sell,0.00021,80685.68463946994
2026-09-20 15:37:08.402209044,sell,0.00327,80732.29963946994
2026-09-20 15:37:08.402311563,sell,0.00329,80732.29963946994
2026-09-20 15:37:08.402405977,sell,0.0351,80732.29963946994
2026-09-20 15:39:52.137004375,sell,0.008200000000000006,80833.97463946995
2026-09-20 15:56:46.861905098,buy,9e-05,80953.21036053005
2026-09-20 15:56:46.862105608,buy,0.02465,80953.21036053005
2026-09-20 15:56:47.803309202,buy,0.01817,80948.86536053005
2026-09-20 16:07:04.245200634,buy,9e-05,80919.89036053004
2026-09-20 16:07:04.245398045,buy,2e-05,80919.89036053004
2026-09-20 16:07:04.245498180,buy,0.00021,80919.89036053004
2026-09-20 16:07:28.476155996,buy,0.00618,80936.07536053006
2026-09-20 16:07:28.541737556,buy,0.00618,80936.07536053006
2026-09-20 16:07:28.685721397,buy,0.00327,80940.78036053006
2026-09-20 16:07:28.711591482,buy,0.00618,80940.78036053006
2026-09-20 16:07:34.967845678,buy,0.00033,80946.55536053005
2026-09-20 16:07:36.159565926,buy,0.00104,80946.55536053005
2026-09-20 16:07:44.125262499,buy,0.002,80979.08536053005
2026-09-20 16:07:46.486947060,buy,0.0003,80981.45536053005
2026-09-20 16:08:15.112291098,sell,0.00228,81001.12463946994
2026-09-20 16:08:15.191791534,sell,0.01084,81027.95463946996
2026-09-20 16:08:15.705734968,buy,0.00249,81033.98536053004
2026-09-20 16:08:16.424458027,buy,0.00249,81031.35536053005
2026-09-20 16:08:16.990881205,buy,0.0023,81031.35536053005
2026-09-20 16:08:24.921350002,buy,0.00093,81060.21036053005
2026-09-20 16:08:24.921545267,buy,0.00107,81060.21036053005
2026-09-20 16:08:25.211387634,buy,0.00019,81074.15536053006
2026-09-20 16:08:25.504567623,buy,0.00036,81070.70036053004
2026-09-20 16:08:25.679369211,buy,0.00043,81075.74036053005
2026-09-20 16:08:29.274867773,buy,0.00328,81086.49036053005
2026-09-20 16:08:29.274974823,buy,0.02134,81086.49036053005
2026-09-20 16:08:31.041694880,buy,0.00141,81056.83536053005
2026-09-20 16:10:40.976468563,buy,0.00123,81025.07536053006
2026-09-20 16:11:08.423485041,sell,0.00102,81080.94963946995
2026-09-20 16:11:32.175068378,sell,0.00013,81131.04463946995
2026-09-20 16:11:32.192113876,sell,0.00294,81131.04463946995
2026-09-20 16:13:04.512728214,sell,0.00061,81117.77463946995
2026-09-20 16:14:58.441459417,buy,0.00014,81153.70036053006
2026-09-20 16:16:07.910411119,sell,0.00043,81199.21463946994
2026-09-20 16:25:17.744865894,buy,0.00649,81135.71536053006
2026-09-20 16:27:01.509776354,buy,9e-05,81145.60536053005
2026-09-20 16:27:01.509973526,buy,0.00328,81145.60536053005
2026-09-20 16:27:01.510077476,buy,0.002020000000000001,81145.60536053005
2026-09-20 16:28:26.569161177,sell,0.00106,81232.71463946994
2026-09-20 16:28:26.962952375,buy,0.0010599999999999984,81252.77536053005
2026-09-20 16:33:05.825056791,sell,9e-05,81223.44463946995
2026-09-20 16:33:15.546747684,buy,8.99999999999998e-05,81243.68536053006
2026-09-20 16:34:02.533518076,sell,6e-05,81262.13463946995
2026-09-20 16:34:11.020404339,buy,5.9999999999997555e-05,81249.57536053006
2026-09-20 16:38:02.238271475,sell,0.00143,81354.30463946993
2026-09-20 16:38:02.242733240,sell,0.00013,81354.30463946993
2026-09-20 16:38:02.375200510,sell,0.00172,81391.12463946994
2026-09-20 16:38:05.324484587,sell,0.00013,81396.51463946996
2026-09-20 16:38:05.324613810,sell,0.00043,81396.51463946996
2026-09-20 16:38:07.267379521,buy,0.00015,81406.82036053005
2026-09-20 16:38:12.109816551,sell,2e-05,81433.67463946994
2026-09-20 16:38:13.347654819,sell,0.00013,81461.47963946995
2026-09-20 16:38:13.347854137,sell,2e-05,81461.47963946995
2026-09-20 16:38:28.588893414,sell,9e-05,81469.84963946995
2026-09-20 16:38:28.711125851,buy,0.00328,81468.53536053006
2026-09-20 16:38:28.711319447,buy,0.000669999999999997,81468.53536053006
2026-09-20 16:38:35.565009356,sell,9e-05,81436.56463946994
2026-09-20 16:38:35.565193892,sell,0.00068,81436.56463946994
2026-09-20 16:38:36.205651283,buy,0.0007699999999999999,81424.42036053006
2026-09-20 16:39:08.260395527,sell,0.00329,81371.40463946994
2026-09-20 16:39:08.420160532,sell,0.00327,81379.49463946994
2026-09-20 16:39:08.540460587,sell,0.00165,81382.72963946995
2026-09-20 16:39:09.850586653,sell,0.00328,81368.76463946996
2026-09-20 16:42:20.353914976,buy,0.0001,81451.63536053005
2026-09-20 16:42:20.354017019,buy,0.00328,81451.63536053005
2026-09-20 16:45:15.053104639,sell,0.00327,81391.23463946996
2026-09-20 16:45:15.053210735,sell,0.00329,81391.23463946996
2026-09-20 16:45:15.053306103,sell,0.01792,81391.23463946996
2026-09-20 16:46:51.964852810,buy,0.02452,81299.45536053005
2026-09-20 16:47:25.591306210,sell,2e-05,81350.10963946994
2026-09-20 16:51:12.102449179,buy,0.00089,81313.04036053005
2026-09-20 16:56:46.530450106,sell,0.01803,81347.13963946994
2026-09-20 16:59:31.736505032,buy,9e-05,81295.31036053006
2026-09-20 17:00:48.185198307,sell,0.00012,81279.75463946995
2026-09-20 17:03:21.453212500,sell,9e-05,81278.24463946994
2026-09-20 17:05:08.592837095,buy,0.00232,81388.66536053005
2026-09-20 17:05:08.856165886,buy,0.0005,81382.46536053006
2026-09-20 17:05:44.206732750,sell,0.00052,81342.40463946994
2026-09-20 17:06:06.956454754,sell,0.02457,81394.33463946995
2026-09-20 17:07:20.677313089,sell,0.00687,81400.67463946994
2026-09-20 17:07:21.181731939,buy,9e-05,81395.52036053005
2026-09-20 17:13:11.197244883,sell,0.00016,81184.93463946994
2026-09-20 17:17:46.959152222,buy,0.01332,81244.65536053006
2026-09-20 17:17:46.959302187,buy,0.00329,81244.65536053006
2026-09-20 17:17:46.959405422,buy,0.00329,81244.65536053006
2026-09-20 17:17:46.959501028,buy,0.02757,81244.65536053006
2026-09-20 17:17:46.959590673,buy,0.0032,81244.65536053006
2026-09-20 17:17:46.959678411,buy,0.0038899999999999976,81244.65536053006
2026-09-20 17:25:08.994444370,sell,9e-05,81255.26963946996
2026-09-20 17:25:33.187068462,buy,8.99999999999998e-05,81280.68536053006
2026-09-20 17:28:17.939009190,sell,9e-05,81211.48463946994
2026-09-20 17:31:22.192270756,buy,8.99999999999998e-05,81222.72036053006
2026-09-20 17:34:11.590974092,sell,0.00352,81260.78463946994
2026-09-20 17:36:29.388117313,sell,0.01804,81308.31463946994
2026-09-20 17:39:14.079881430,buy,0.01799,81393.94036053006
2026-09-20 17:42:05.484796524,sell,0.00068,81374.82463946995
2026-09-20 17:46:10.752225399,sell,0.00016,81380.68463946994
2026-09-20 17:47:45.549733877,buy,0.004410000000000004,81360.91536053005
2026-09-20 17:53:30.157567263,sell,0.0003,81222.72963946995
2026-09-20 18:21:22.404806852,sell,0.01791,81225.38463946995
2026-09-20 18:25:44.778047800,sell,8e-05,81220.93463946994
2026-09-20 18:26:07.423896790,sell,0.02104,81232.22463946995
2026-09-20 18:31:21.144589901,sell,0.00317,81267.27963946994
2026-09-20 18:31:21.144986868,sell,0.00328,81267.27963946994
2026-09-20 18:31:21.145190954,sell,0.0043,81267.27963946994
2026-09-20 18:41:51.580205917,buy,9e-05,81218.88536053005
2026-09-20 18:41:51.580600739,buy,0.0024,81218.88536053005
2026-09-20 18:41:52.091376781,buy,0.00163,81218.88536053005
2026-09-20 18:46:54.396642923,buy,0.00769,81204.08536053005
2026-09-20 18:48:10.374934673,sell,0.00057,81165.34463946994
2026-09-20 18:50:09.351510048,buy,0.00123,81137.75536053006
2026-09-20 18:54:18.427631855,buy,6e-05,81076.90536053006
2026-09-20 19:05:33.677656412,sell,0.018,81131.13463946995
2026-09-20 19:06:49.811541557,buy,9e-05,81106.65536053006
2026-09-20 19:06:49.811761141,buy,0.00328,81106.65536053006
2026-09-20 19:06:49.811879396,buy,0.00329,81106.65536053006
2026-09-20 19:10:37.901496649,sell,0.00025,81129.52463946994
2026-09-20 19:10:56.335329056,sell,0.00025,81110.62463946994
2026-09-20 19:11:08.947228909,sell,0.00012,81115.51463946996
2026-09-20 19:11:36.889356136,sell,0.00034,81115.73963946995
2026-09-20 19:12:50.307343960,sell,0.00025,81118.34463946994
2026-09-20 19:12:53.673233747,sell,0.00034,81123.47463946995
2026-09-20 19:13:13.523464680,sell,0.00015,81122.80963946994
2026-09-20 19:14:58.644757032,sell,0.00034,81093.00463946995
2026-09-20 19:16:39.598069906,sell,0.00025,81077.73463946996
2026-09-20 19:17:11.185657501,buy,0.00269,81088.41536053005
2026-09-20 19:17:49.930903435,sell,2e-05,81074.40463946994
2026-09-20 19:21:43.828565598,buy,0.01107,81098.36536053005
2026-09-20 19:29:17.666309357,sell,0.02137,81113.05463946995
2026-09-20 19:34:47.866958380,buy,0.00022,81255.63536053005
2026-09-20 19:34:47.867056131,buy,0.02093,81255.63536053005
2026-09-20 19:34:47.867181301,buy,0.0249,81255.63536053005
2026-09-20 19:39:01.822160721,sell,0.00129,81257.89463946995
2026-09-20 19:47:12.127757072,sell,0.01803,81259.13963946996
2026-09-20 19:58:06.087193012,buy,0.00093,81185.39536053005
2026-09-20 20:07:19.012275219,sell,7e-05,81222.59963946995
2026-09-20 20:07:19.012457132,sell,5e-05,81222.59963946995
2026-09-20 20:22:06.513665198,sell,0.00328,81132.03463946994
2026-09-20 20:22:06.513810872,sell,0.00329,81132.03463946994
2026-09-20 20:22:06.513935327,sell,0.01801,81132.03463946994
2026-09-20 20:24:08.003056049,buy,0.01879,81149.54536053004
2026-09-20 20:24:31.368964672,buy,0.00327,81146.02536053005
2026-09-20 20:24:31.369107246,buy,0.00329,81146.02536053005
2026-09-20 20:27:47.374420881,sell,0.00022,81147.14463946995
2026-09-20 20:27:47.374531984,sell,0.01785,81147.14463946995
2026-09-20 20:30:01.624839783,sell,0.01,81181.37963946995
2026-09-20 20:39:07.617660522,sell,0.00114,81109.62463946994
2026-09-20 20:46:23.000163078,sell,0.005,81170.28963946995
2026-09-20 20:46:23.000280142,sell,0.00329,81170.28963946995
2026-09-20 20:46:23.000372410,sell,0.00327,81170.28963946995
2026-09-20 20:46:23.000489473,sell,0.01215,81170.28963946995
2026-09-20 20:46:23.000628710,sell,0.00062,81170.28963946995
2026-09-20 20:47:21.736192703,sell,0.00097,81169.28963946995
2026-09-20 20:47:21.736352682,sell,0.00945,81169.28963946995
2026-09-20 20:50:43.582465887,buy,0.00145,81134.85036053006
2026-09-20 20:52:12.152723551,sell,0.00209,81097.04963946994
2026-09-20 20:52:12.651927233,sell,0.00239,81097.04963946994
2026-09-20 20:52:12.794181108,sell,0.0025099999999999914,81102.92463946994
2026-09-20 21:02:15.294110298,buy,0.1,80928.63536053005
2026-09-20 21:02:19.673190355,sell,9e-05,80877.93463946994
2026-09-20 21:03:04.168706417,sell,0.02622,80801.13463946995
2026-09-20 21:03:04.859943628,sell,0.00043,80789.07963946996
2026-09-20 21:03:05.315674782,buy,0.00321,80776.87036053005
2026-09-20 21:03:05.315920591,buy,8e-05,80776.87036053005
2026-09-20 21:03:05.395025492,buy,0.00328,80754.04036053007
2026-09-20 21:03:09.707684517,buy,0.01826,80784.04536053006
2026-09-20 21:03:20.621008873,buy,0.00015,80843.37036053005
2026-09-20 21:03:40.495666504,sell,2e-05,80840.68963946994
2026-09-20 21:06:35.291573763,buy,0.00064,80937.12036053005
2026-09-20 21:09:01.935114384,buy,0.0011400000000000021,80905.64536053005
2026-09-20 21:10:27.151555538,sell,9e-05,80792.95463946996
2026-09-20 21:10:27.151761055,sell,9e-05,80792.95463946996
2026-09-20 21:11:18.014649153,sell,2e-05,80730.01963946996
2026-09-20 21:11:28.781246185,sell,0.00934,80632.50963946995
2026-09-20 21:11:29.644976139,sell,8e-05,80633.10463946995
2026-09-20 21:11:39.024888515,sell,0.0002,80686.91463946995
2026-09-20 21:11:55.630917549,sell,4e-05,80629.88963946996
2026-09-20 21:12:11.894396067,sell,0.00075,80631.92963946995
2026-09-20 21:17:55.054493427,buy,0.00287,80836.31036053006
2026-09-20 21:20:48.857434511,sell,0.00327,80860.04963946994
2026-09-20 21:20:48.857856035,sell,0.00329,80860.04963946994
2026-09-20 21:20:48.857997894,sell,0.00557,80860.04963946994
2026-09-20 21:34:07.404796362,buy,0.01987,80914.85536053005
2026-09-20 21:40:06.269712210,sell,0.00225,80890.39963946995
2026-09-20 21:42:09.859538794,sell,0.00124,80864.12963946995
2026-09-20 21:42:09.912758589,sell,0.00197,80858.11463946995
2026-09-20 21:45:33.084233284,buy,0.00249,80829.20572106012
2026-09-20 21:45:33.759287596,buy,0.00154,80830.21072106012
2026-09-20 21:46:02.772253752,buy,0.0014300000000000007,80872.83572106012
2026-09-20 21:46:16.376317978,sell,0.0028,80869.77927893987
2026-09-20 21:55:32.280714750,buy,9e-05,80863.69572106011
2026-09-20 21:59:57.781132698,sell,9e-05,80930.62427893987
2026-09-20 22:00:23.647329092,sell,9e-05,80986.35427893988
2026-09-20 22:00:23.647513628,sell,2e-05,80986.35427893988
2026-09-20 22:07:05.992987156,sell,9e-05,80958.16927893988
2026-09-20 22:07:45.825944901,sell,0.00328,81051.16427893988
2026-09-20 22:07:45.826048613,sell,0.00328,81051.16427893988
2026-09-20 22:07:45.857137442,sell,0.02526,81051.16427893988
2026-09-20 22:08:52.581130266,sell,0.00025,81032.49927893987
2026-09-20 22:09:43.783674002,sell,0.00034,81173.30427893988
2026-09-20 22:09:47.068991899,buy,0.00093,81183.32572106012
2026-09-20 22:09:52.813379526,sell,0.00075,81160.41427893988
2026-09-20 22:10:05.528126717,sell,9e-05,81170.67427893988
2026-09-20 22:11:53.764498234,buy,9e-05,81226.02072106012
2026-09-20 22:12:07.707195044,sell,5e-05,81219.55427893988
2026-09-20 22:12:26.130524635,buy,0.0181,81259.70572106012
2026-09-20 22:13:31.436448097,buy,0.017179999999999994,81279.73572106012
2026-09-20 22:14:01.253487110,sell,0.00607,81296.33427893987
2026-09-20 22:14:18.254045010,buy,0.00327,81274.81072106013
2026-09-20 22:15:22.145149708,sell,0.00114,81247.51427893988
2026-09-20 22:23:04.702438116,buy,0.003939999999999999,81127.75072106012
2026-09-20 22:23:41.578171730,sell,0.00019,81118.18427893987
2026-09-20 22:27:17.173877478,sell,6e-05,81130.09927893987
2026-09-20 22:35:57.472113848,sell,0.0181,81195.59927893987
2026-09-20 22:36:31.764855862,sell,4e-05,81173.21927893987
2026-09-20 22:38:12.546420336,sell,0.00331,81191.75427893987
2026-09-20 22:38:12.546587467,sell,0.00328,81191.75427893987
2026-09-20 22:38:12.546754599,sell,0.01785,81191.75427893987
2026-09-20 22:39:16.627451658,buy,9e-05,81225.16572106013
2026-09-20 22:39:16.627728462,buy,0.00208,81225.16572106013
2026-09-20 22:43:39.637684822,sell,0.00028,81136.08427893989
2026-09-20 23:20:16.190794468,buy,0.00057,81265.99572106013
2026-09-20 23:28:01.403878450,sell,0.00157,81216.06427893987
2026-09-20 23:38:32.322841644,sell,9e-05,81225.22427893987
2026-09-20 23:38:53.581913233,buy,0.00546,81235.73572106012
2026-09-20 23:38:54.061456442,sell,0.04,81234.55427893988
2026-09-20 23:38:54.061621428,sell,0.00331,81234.55427893988
2026-09-20 23:38:54.061730385,sell,0.00328,81234.55427893988
2026-09-20 23:39:53.301448345,sell,0.00123,81268.25927893988
2026-09-20 23:41:37.960216761,buy,6e-05,81229.91572106011
2026-09-20 23:41:51.435666084,sell,0.00327,81206.22427893987
2026-09-20 23:41:51.435779095,sell,0.00328,81206.22427893987
2026-09-20 23:41:51.952315331,buy,0.00319,81263.72572106012
2026-09-20 23:41:51.952408314,buy,0.00025,81263.72572106012
2026-09-20 23:44:48.330591440,buy,0.00024,81265.24572106013
2026-09-20 23:46:13.729707003,sell,6e-05,81285.29927893988
2026-09-20 23:50:26.919033289,buy,0.00548,81305.74072106012
2026-09-20 23:50:40.819045782,buy,0.01805,81329.66572106011
2026-09-21 00:01:26.686822176,sell,0.00817,81240.25427893987
2026-09-21 00:01:26.686916590,sell,0.00168,81240.25427893987
2026-09-21 00:01:37.792727709,sell,0.0013,81309.77427893988
2026-09-21 00:01:37.792836666,sell,0.01674,81309.77427893988
2026-09-21 00:01:39.745290756,buy,0.00015,81346.12072106013
2026-09-21 00:01:39.859471321,buy,0.0003,81350.99572106013
2026-09-21 00:01:59.531184196,buy,0.00403,81339.73572106012
2026-09-21 00:01:59.531276226,buy,0.01404,81339.73572106012
2026-09-21 00:02:00.756994963,buy,0.0027,81339.68072106013
2026-09-21 00:02:00.757084131,buy,0.01159,81339.68072106013
2026-09-21 00:02:00.757171392,buy,0.00319,81339.68072106013
2026-09-21 00:02:00.757260084,buy,0.00058,81339.68072106013
2026-09-21 00:02:16.437544346,buy,0.01802,81355.58072106012
2026-09-21 00:02:17.574369907,buy,0.02462,81350.39572106012
2026-09-21 00:02:18.512657404,buy,0.012400000000000015,81350.39572106012
2026-09-21 00:02:25.018464088,sell,0.00015,81395.13427893988
2026-09-21 00:02:29.469980955,buy,0.00014999999999999736,81393.13572106011
2026-09-21 00:06:35.561538458,sell,0.00013,81487.49427893988
2026-09-21 00:06:35.561635256,sell,0.02107,81487.49427893988
2026-09-21 00:06:35.561726093,sell,0.00328,81487.49427893988
2026-09-21 00:06:35.583308220,sell,0.00246,81487.49427893988
2026-09-21 00:06:35.646489620,sell,0.00613,81522.65427893987
2026-09-21 00:06:35.671571732,sell,0.00248,81522.65427893987
2026-09-21 00:06:35.692995310,sell,0.00013,81522.65427893987
2026-09-21 00:06:35.720599890,sell,0.00212,81544.46427893988
2026-09-21 00:06:38.812130213,sell,0.00013,81562.56427893987
2026-09-21 00:06:38.818409204,sell,0.00084,81562.56427893987
2026-09-21 00:06:48.857626915,buy,0.00084,81555.01072106013
2026-09-21 00:06:48.899852037,buy,0.02126,81556.14036053006
2026-09-21 00:06:49.479359627,sell,0.00084,81558.00463946995
2026-09-21 00:06:49.704283476,buy,0.00084,81556.35036053005
2026-09-21 00:06:49.704506397,buy,0.00318,81556.35036053005
2026-09-21 00:06:49.704608679,buy,0.013489999999999988,81556.35036053005
2026-09-21 00:08:45.138872623,sell,0.01329,81565.84963946995
2026-09-21 00:08:59.995461941,buy,0.00033,81579.47036053006
2026-09-21 00:09:13.146864653,sell,0.00122,81523.69963946995
2026-09-21 00:09:40.559902668,sell,0.00024,81494.91963946994
2026-09-21 00:10:09.199015141,sell,0.00328,81525.44463946995
2026-09-21 00:10:09.199301958,sell,0.00328,81525.44463946995
2026-09-21 00:10:09.199548483,sell,0.00339,81525.44463946995
2026-09-21 00:12:05.146125793,sell,6e-05,81505.44963946995
2026-09-21 00:12:19.478469849,buy,0.00213,81515.65536053006
2026-09-21 00:12:23.057367325,sell,0.00328,81542.53963946995
2026-09-21 00:12:23.057466984,sell,0.0052,81542.53963946995
2026-09-21 00:13:07.582462788,sell,8e-05,81651.12463946994
2026-09-21 00:13:07.582663774,sell,0.00228,81651.12463946994
2026-09-21 00:13:11.736550331,buy,0.00318,81684.78036053006
2026-09-21 00:13:11.736651421,buy,0.01808,81684.78036053006
2026-09-21 00:13:12.586137056,buy,0.00095,81680.90536053006
2026-09-21 00:13:12.616626501,buy,0.00159,81680.90536053006
2026-09-21 00:13:25.901607513,sell,0.00329,81677.98463946996
2026-09-21 00:14:15.175473213,sell,0.00355,81671.16463946995
2026-09-21 00:14:15.175681353,sell,0.00329,81671.16463946995
2026-09-21 00:14:15.175784349,sell,0.00328,81671.16463946995
2026-09-21 00:14:15.175910234,sell,0.02606,81671.16463946995
2026-09-21 00:14:15.176008224,sell,0.00077,81671.16463946995
2026-09-21 00:14:15.176100254,sell,0.00318,81671.16463946995
2026-09-21 00:14:15.176183462,sell,0.00245,81671.16463946995
2026-09-21 00:14:15.176265001,sell,0.00013,81671.16463946995
2026-09-21 00:14:15.176347971,sell,0.0251,81671.16463946995
2026-09-21 00:14:15.176431417,sell,0.019560000000000015,81671.16463946995
2026-09-21 00:15:07.464250565,buy,0.00015,81700.81536053006
2026-09-21 00:19:52.569906712,sell,0.00013,81764.91963946995
2026-09-21 00:21:04.548418522,buy,0.00082,81793.93036053005
2026-09-21 00:21:38.617175817,sell,0.0007,81825.25963946995
2026-09-21 00:21:38.641122103,sell,0.00014000000000000123,81822.47963946995
2026-09-21 00:26:32.991976261,buy,0.00647,81791.25036053006
2026-09-21 00:26:32.992075920,buy,0.00025,81791.25036053006
2026-09-21 00:27:18.098012686,buy,2e-05,81771.71036053005
2026-09-21 00:30:48.324508429,buy,0.02189,81716.79036053005
2026-09-21 00:30:48.324615717,buy,0.00318,81716.79036053005
2026-09-21 00:30:48.324712276,buy,0.0306,81716.79036053005
2026-09-21 00:30:48.324799061,buy,0.02637,81716.79036053005
2026-09-21 00:30:48.324884176,buy,0.011220000000000008,81716.79036053005
2026-09-21 00:35:23.360372066,sell,0.00019,81668.32463946995
2026-09-21 00:37:56.788321018,sell,0.02564,81737.15963946994
2026-09-21 00:37:56.788450241,sell,0.01449,81737.15963946994
2026-09-21 00:37:56.788540602,sell,0.03906,81737.15963946994
2026-09-21 00:37:56.788631201,sell,0.0007,81737.15963946994
2026-09-21 00:39:16.650871038,buy,0.00611,81646.17536053005
2026-09-21 00:39:41.392367125,buy,0.03906,81642.87536053006
2026-09-21 00:39:41.392507792,buy,0.00318,81642.87536053006
2026-09-21 00:39:41.392645359,buy,0.03063,81642.87536053006
2026-09-21 00:39:41.392800570,buy,0.0011000000000000038,81642.87536053006
2026-09-21 00:40:36.673076153,sell,0.00243,81687.05963946994
2026-09-21 00:40:36.796655893,sell,0.00245,81688.07963946994
2026-09-21 00:40:37.240588188,sell,0.00192,81687.05963946994
2026-09-21 00:40:37.241581678,sell,0.00061,81687.05963946994
2026-09-21 00:44:44.322923660,sell,0.04,81573.10963946996
2026-09-21 00:45:14.949249744,sell,3e-05,81727.62463946994
2026-09-21 00:45:30.492825747,sell,0.01788,81791.10463946995
2026-09-21 00:49:10.551517248,buy,0.00327,81709.24036053005
2026-09-21 00:49:10.551647425,buy,0.00329,81709.24036053005
2026-09-21 00:49:48.052375078,sell,0.02583,81664.87463946994
2026-09-21 00:49:48.052530289,sell,0.015410000000000007,81664.87463946994
2026-09-21 01:08:07.030205727,buy,0.00121,81683.83036053005
2026-09-21 01:10:50.946035147,sell,0.0012100000000000027,81786.69963946995
2026-09-21 01:12:59.075623512,buy,0.00013,81793.02036053005
2026-09-21 01:19:49.852528095,sell,0.00012999999999999817,81823.12463946994
2026-09-21 01:20:10.325431824,buy,0.00139,81819.72036053006
2026-09-21 01:21:08.261284112,sell,0.0013900000000000023,81860.21463946994
2026-09-21 01:21:31.749046326,buy,0.00317,81908.82036053005
2026-09-21 01:21:31.749147177,buy,0.01005,81908.82036053005
2026-09-21 01:22:49.524148941,sell,0.00013,81934.22963946995
2026-09-21 01:22:49.574338198,sell,0.013089999999999997,81934.22963946995
2026-09-21 01:22:54.222828627,buy,0.00329,82014.63536053005
2026-09-21 01:22:56.957064390,sell,0.00244,82036.54463946995
2026-09-21 01:22:56.960762024,sell,0.0008500000000000035,82036.54463946995
2026-09-21 01:22:59.370277643,buy,0.00015,82001.47536053006
2026-09-21 01:22:59.939046383,buy,0.002,82000.82036053007
2026-09-21 01:22:59.939232588,buy,0.01916,82000.82036053007
2026-09-21 01:23:00.788818121,buy,0.00245,82000.80536053005
2026-09-21 01:23:00.788952589,buy,0.00317,82000.80536053005
2026-09-21 01:23:00.789047241,buy,0.01221,82000.80536053005
2026-09-21 01:23:01.092142344,sell,0.00245,81987.04963946994
2026-09-21 01:23:01.092340231,sell,0.00327,81987.04963946994
2026-09-21 01:23:01.092453003,sell,0.00363,81987.04963946994
2026-09-21 01:23:01.092553616,sell,0.02597,81987.04963946994
2026-09-21 01:23:01.092647791,sell,0.003820000000000004,81987.04963946994
2026-09-21 01:23:01.511028290,buy,0.00077,81984.91536053007
2026-09-21 01:23:05.097250223,sell,0.00015,82000.41463946995
2026-09-21 01:23:32.357678652,sell,0.0006200000000000025,82020.84963946995
2026-09-21 01:27:34.627153397,buy,0.00049,81610.82536053006
2026-09-21 01:27:41.560204744,sell,0.00025,81578.49463946994
2026-09-21 01:32:34.761648893,sell,0.00023999999999999716,81409.43963946994
2026-09-21 01:32:54.462513447,buy,0.00329,81344.37536053006
2026-09-21 01:32:54.462813854,buy,0.00047,81344.37536053006
2026-09-21 01:32:54.463159084,buy,0.00013,81344.37536053006
2026-09-21 01:32:55.058900595,buy,0.00327,81297.44536053007
2026-09-21 01:32:55.058987856,buy,0.00024,81297.44536053007
2026-09-21 01:32:55.059073448,buy,0.00013,81297.44536053007
2026-09-21 01:32:55.059159040,buy,0.00207,81297.44536053007
2026-09-21 01:32:55.059246540,buy,0.00413,81297.44536053007
2026-09-21 01:32:55.394293070,sell,0.0016,81274.47463946995
2026-09-21 01:33:34.099988461,sell,0.00203,81445.18963946994
2026-09-21 01:50:16.408886433,sell,0.00307,81286.48463946996
2026-09-21 01:50:54.566319704,buy,0.00013,81198.87536053006
2026-09-21 01:50:57.398780346,buy,0.00013,81165.48536053004
2026-09-21 01:51:02.369533777,sell,2e-05,81138.92963946993
2026-09-21 01:51:09.039530516,buy,0.00044,81080.86536053005
2026-09-21 01:51:09.044913054,buy,0.00328,81080.86536053005
2026-09-21 01:51:09.045139313,buy,0.00013,81080.86536053005
2026-09-21 01:51:09.045246124,buy,0.00047,81080.86536053005
2026-09-21 01:51:09.068316460,buy,0.00329,81080.86536053005
2026-09-21 01:51:10.175869226,sell,0.00083,81007.21463946994
2026-09-21 01:51:10.223329782,sell,0.00329,81007.21463946994
2026-09-21 01:51:10.863325834,sell,0.00071,81001.39463946995
2026-09-21 01:51:34.684948921,buy,0.00013,80998.87536053006
2026-09-21 01:51:35.243463278,sell,2e-05,80974.66963946995
2026-09-21 01:51:43.420175552,buy,0.00013,80930.25536053006
2026-09-21 01:51:43.420278311,buy,0.00012,80930.25536053006
2026-09-21 01:51:43.783487797,sell,0.00161,80906.64963946994
2026-09-21 01:51:49.898315430,sell,2e-05,80923.01463946996
2026-09-21 01:51:57.051784039,sell,0.008780000000000003,80972.17463946994
2026-09-21 01:52:02.351560354,buy,0.0175,80996.12036053005
2026-09-21 01:53:05.978349924,sell,0.00327,80990.45463946996
2026-09-21 01:53:35.056158543,sell,0.00331,80981.13463946995
2026-09-21 01:58:13.571934462,buy,0.0003,81107.83036053005
2026-09-21 01:58:16.227869987,sell,0.00277,81096.47963946995
2026-09-21 01:59:53.413919449,buy,0.0002,81014.45536053005
2026-09-21 02:02:49.541759014,sell,0.00331,81075.62963946995
2026-09-21 02:02:49.542089939,sell,0.0053399999999999975,81075.62963946995
2026-09-21 02:05:31.665622473,buy,0.00291,81240.90036053005
2026-09-21 02:09:52.006726980,sell,6e-05,81288.25463946995
2026-09-21 02:09:52.006926060,sell,0.00071,81288.25463946995
2026-09-21 02:10:24.889572382,sell,0.002140000000000003,81290.93463946994
2026-09-21 02:20:38.587059259,buy,0.002,81458.26536053004
2026-09-21 02:24:30.345388174,buy,0.00081,81482.86036053006
2026-09-21 02:33:00.547833204,sell,0.00011,81253.92463946994
2026-09-21 02:33:13.686622620,sell,0.00083,81187.26963946995
2026-09-21 02:48:02.167886734,sell,0.0003,81227.80963946994
2026-09-21 02:50:21.259829044,buy,0.03078,81230.07536053006
2026-09-21 02:50:21.259914398,buy,0.03906,81230.07536053006
2026-09-21 02:50:21.260001183,buy,0.00165,81230.07536053006
2026-09-21 02:51:39.681534529,sell,2e-05,81297.03463946994
2026-09-21 02:51:48.410255194,buy,0.00027,81286.29536053004
2026-09-21 02:55:24.618829727,buy,0.0003,81354.92036053006
2026-09-21 02:56:28.639837742,buy,0.00085,81386.45536053005
2026-09-21 02:57:37.285196304,buy,0.025540000000000007,81374.77536053005
2026-09-21 02:57:38.071283817,sell,0.00212,81296.73463946996
2026-09-21 02:57:55.866637707,sell,0.00291,81296.98463946996
2026-09-21 03:05:17.028133154,sell,2e-05,81461.80963946994
2026-09-21 03:06:11.040427685,buy,6e-05,81429.36036053004
2026-09-21 03:06:11.040674210,buy,0.00077,81429.36036053004
2026-09-21 03:08:10.728077173,sell,3e-05,81369.65463946994
2026-09-21 03:15:09.038224459,buy,9e-05,81330.27036053005
2026-09-21 03:15:09.038420200,buy,0.00039,81330.27036053005
2026-09-21 03:17:23.323775053,sell,0.00259,81415.76463946994
2026-09-21 03:24:59.911435843,buy,0.0063600000000000045,81438.72036053006
2026-09-21 03:25:00.377950668,sell,9e-05,81398.31963946995
2026-09-21 03:25:00.378160477,sell,0.00327,81398.31963946995
2026-09-21 03:25:00.378262520,sell,0.00664,81398.31963946995
2026-09-21 03:25:01.963656664,buy,9e-05,81422.44036053006
2026-09-21 03:25:01.963882446,buy,0.00114,81422.44036053006
2026-09-21 03:26:06.204141617,buy,0.00028,81482.35036053006
2026-09-21 03:27:55.375543594,sell,0.0006,81435.66963946995
2026-09-21 03:29:14.387009382,sell,0.00122,81393.12963946995
2026-09-21 03:29:39.457413435,sell,0.00329,81387.12963946995
2026-09-21 03:29:59.499323130,sell,0.02517,81391.88963946996
2026-09-21 03:31:14.824949980,sell,0.00327,81526.79463946995
2026-09-21 03:31:14.825151443,sell,0.00328,81526.79463946995
2026-09-21 03:31:14.825253963,sell,8e-05,81526.79463946995
2026-09-21 03:33:00.211191177,sell,0.00328,81527.45463946996
2026-09-21 03:33:00.506174802,sell,0.00328,81518.82463946995
2026-09-21 03:33:00.572833776,sell,0.00331,81513.93963946994
2026-09-21 03:33:00.674058437,sell,0.00331,81511.69963946995
2026-09-21 03:51:02.199745178,sell,0.00122,81441.83463946995
2026-09-21 03:51:02.251956940,sell,0.00022,81440.58963946994
2026-09-21 04:00:43.948080063,sell,5e-05,81422.24463946994
2026-09-21 04:04:07.797144651,buy,0.0231,81408.33536053005
